{"Iteration": 0, "Steps": 1019999, "Epsilon": 0.050000000000000044, "Episodes": 8, "AverageReturn": -18.125, "AverageDiscountedReturn": -0.7901029841435432, "TDError^2": 0.005767226684838533}
{"Iteration": 1, "Steps": 1029999, "Epsilon": 0.050000000000000044, "Episodes": 12, "AverageReturn": -18.1, "AverageDiscountedReturn": -0.5617325699881922, "TDError^2": 0.007152989506721497}
{"Iteration": 2, "Steps": 1039999, "Epsilon": 0.050000000000000044, "Episodes": 16, "AverageReturn": -17.6, "AverageDiscountedReturn": -0.5814885302221551, "TDError^2": 0.006428079679608345}
{"Iteration": 3, "Steps": 1049999, "Epsilon": 0.050000000000000044, "Episodes": 21, "AverageReturn": -17.9, "AverageDiscountedReturn": -0.6092327910018323, "TDError^2": 0.0044220746494829655}
{"Iteration": 4, "Steps": 1059999, "Epsilon": 0.050000000000000044, "Episodes": 25, "AverageReturn": -18.4, "AverageDiscountedReturn": -0.5189027120963158, "TDError^2": 0.004917786922305822}
{"Iteration": 5, "Steps": 1069999, "Epsilon": 0.050000000000000044, "Episodes": 29, "AverageReturn": -17.7, "AverageDiscountedReturn": -0.4392442458972061, "TDError^2": 0.005012710113078356}
{"Iteration": 6, "Steps": 1079999, "Epsilon": 0.050000000000000044, "Episodes": 34, "AverageReturn": -17.5, "AverageDiscountedReturn": -0.5843842686155739, "TDError^2": 0.006356182042509317}
{"Iteration": 7, "Steps": 1089999, "Epsilon": 0.050000000000000044, "Episodes": 37, "AverageReturn": -16.0, "AverageDiscountedReturn": -0.6190829449589621, "TDError^2": 0.006339819636195898}
{"Iteration": 8, "Steps": 1099999, "Epsilon": 0.050000000000000044, "Episodes": 41, "AverageReturn": -16.1, "AverageDiscountedReturn": -0.574631728998721, "TDError^2": 0.007284443825483322}
{"Iteration": 9, "Steps": 1109999, "Epsilon": 0.050000000000000044, "Episodes": 46, "AverageReturn": -16.5, "AverageDiscountedReturn": -0.4629876486783231, "TDError^2": 0.006709415465593338}
{"Iteration": 10, "Steps": 1119999, "Epsilon": 0.050000000000000044, "Episodes": 50, "AverageReturn": -17.6, "AverageDiscountedReturn": -0.4391708156350772, "TDError^2": 0.007002943195402622}
{"Iteration": 11, "Steps": 1129999, "Epsilon": 0.050000000000000044, "Episodes": 54, "AverageReturn": -18.2, "AverageDiscountedReturn": -0.6253319698233886, "TDError^2": 0.005950075574219227}
{"Iteration": 12, "Steps": 1139999, "Epsilon": 0.050000000000000044, "Episodes": 58, "AverageReturn": -18.2, "AverageDiscountedReturn": -0.7249551539711783, "TDError^2": 0.006190052721649408}
{"Iteration": 13, "Steps": 1149999, "Epsilon": 0.050000000000000044, "Episodes": 62, "AverageReturn": -18.9, "AverageDiscountedReturn": -0.731252650510018, "TDError^2": 0.005047537852078676}
{"Iteration": 14, "Steps": 1159999, "Epsilon": 0.050000000000000044, "Episodes": 66, "AverageReturn": -18.3, "AverageDiscountedReturn": -0.5795997803017302, "TDError^2": 0.0048934402875602245}
{"Iteration": 15, "Steps": 1169999, "Epsilon": 0.050000000000000044, "Episodes": 70, "AverageReturn": -17.9, "AverageDiscountedReturn": -0.418727159217971, "TDError^2": 0.005353925749659538}
{"Iteration": 16, "Steps": 1179999, "Epsilon": 0.050000000000000044, "Episodes": 73, "AverageReturn": -16.9, "AverageDiscountedReturn": -0.3815119592355782, "TDError^2": 0.005769816227257252}
{"Iteration": 17, "Steps": 1189999, "Epsilon": 0.050000000000000044, "Episodes": 76, "AverageReturn": -16.6, "AverageDiscountedReturn": -0.43039526488489244, "TDError^2": 0.00599381048232317}
{"Iteration": 18, "Steps": 1199999, "Epsilon": 0.050000000000000044, "Episodes": 79, "AverageReturn": -15.4, "AverageDiscountedReturn": -0.33775847464547953, "TDError^2": 0.005110553000122309}
{"Iteration": 19, "Steps": 1209999, "Epsilon": 0.050000000000000044, "Episodes": 82, "AverageReturn": -15.4, "AverageDiscountedReturn": -0.4101975688840921, "TDError^2": 0.007473157253116369}
{"Iteration": 20, "Steps": 1219999, "Epsilon": 0.050000000000000044, "Episodes": 85, "AverageReturn": -15.3, "AverageDiscountedReturn": -0.4653037718450198, "TDError^2": 0.0054627046920359135}
{"Iteration": 21, "Steps": 1229999, "Epsilon": 0.050000000000000044, "Episodes": 88, "AverageReturn": -16.4, "AverageDiscountedReturn": -0.5893173397324227, "TDError^2": 0.004123981576412916}
{"Iteration": 22, "Steps": 1239999, "Epsilon": 0.050000000000000044, "Episodes": 91, "AverageReturn": -17.2, "AverageDiscountedReturn": -0.6252666176065553, "TDError^2": 0.005636121146380901}
{"Iteration": 23, "Steps": 1249999, "Epsilon": 0.050000000000000044, "Episodes": 94, "AverageReturn": -16.8, "AverageDiscountedReturn": -0.6105475262787877, "TDError^2": 0.0036215949803590775}
{"Iteration": 24, "Steps": 1259999, "Epsilon": 0.050000000000000044, "Episodes": 96, "AverageReturn": -16.1, "AverageDiscountedReturn": -0.5182613803692082, "TDError^2": 0.0038269676733762026}
